{
  "crd_x": {
    "0": 256.1387789560033,
    "1": 91.69016925145608,
    "2": 419.10422371111895,
    "3": 210.48173106677282,
    "4": -38.33142258301497,
    "5": -215.19830663463824,
    "6": 666.2388603252241,
    "7": 478.25729369394526,
    "8": 327.3136417806084,
    "9": -177.12413751716954,
    "10": -527.4829109757748,
    "11": 877.7148292935751,
    "12": 575.6768118380107,
    "13": 442.84606847932065,
    "14": -307.27048977795886,
    "15": -841.6097776615562,
    "16": 1086.7545729271417,
    "17": 668.3929376873701,
    "18": 600.6915553335077,
    "19": 703.9957195592484,
    "20": 429.6599798599076,
    "21": 243.34278850745275,
    "22": -1152.2745204054302,
    "23": 1291.0979569566707,
    "24": 756.4195800649794,
    "25": 799.2705283165018,
    "26": 602.7074353726256,
    "27": 967.6705431141412,
    "28": 500.2106251959982,
    "29": 40.759382204820916,
    "30": 170.1532769462776,
    "31": -1474.0848552324965,
    "32": -1101.007221324241,
    "33": 1496.6890316708798,
    "34": 823.3000060092909,
    "35": 940.7063713636076,
    "36": 748.1277927439705,
    "37": 1231.478750611716,
    "38": 593.8661455017364,
    "39": -101.02331358009711,
    "40": 84.347531958232,
    "41": -1792.6234866444674,
    "42": -1030.1406204317075,
    "43": 1487.3377083814853,
    "44": 1741.6896861797763,
    "45": 885.7368577761961,
    "46": 990.2626116441552,
    "47": 795.3145885365192,
    "48": 1495.080365398693,
    "49": 717.2258133734188,
    "50": 11.046995461503107,
    "51": -2076.4087857249747,
    "52": -2014.7642662110673,
    "53": -944.5129822563629,
    "54": 1576.8035259383557,
    "55": 1966.229262216315,
    "56": 943.2728680014744,
    "57": 1137.7856723267137,
    "58": 914.1736658340031,
    "59": 1758.1713119810524,
    "60": 951.37012459998,
    "61": 666.35529877321,
    "62": -43.99093876766597,
    "63": -2201.922668453018,
    "64": -2369.2201846323196,
    "65": -2236.1783207991907,
    "66": -2036.7153357857617,
    "67": -849.9438497516009,
    "68": 2107.500570386688,
    "69": 995.2015346243164,
    "70": 1248.5046521564843,
    "71": 2020.383376226603,
    "72": 1215.696278974384,
    "73": 652.4758385855804,
    "74": -167.21465111195957,
    "75": -27.785198347057012,
    "76": -2371.323244646347,
    "77": -2642.0096880297306,
    "78": -2393.678207730561,
    "79": -1836.7163518420114,
    "80": -2125.4231776784677,
    "81": -772.9566874738538,
    "82": 2004.9110731065327,
    "83": 2315.7360549710475,
    "84": 1039.0995081176482,
    "85": 2281.273373154643,
    "86": 1496.670014190498,
    "87": 267.6670177658532,
    "88": -2533.23918861305,
    "89": -2912.802351268646,
    "90": -2657.9822395393185,
    "91": -2376.2407580435374,
    "92": -2036.9948800237858,
    "93": 2541.337558359596,
    "94": 2537.772199676472,
    "95": 1784.829111263507,
    "96": 252.28580250021446,
    "97": -2690.4907480240954,
    "98": -3180.174633736575,
    "99": -2922.4043875633656,
    "100": -2342.735358445972,
    "101": 2809.597315873251,
    "102": 2771.7691131308256,
    "103": 2721.670249317442,
    "104": 2769.416373840522,
    "105": 2072.52158465822,
    "106": 224.50011170453618,
    "107": -2844.73312900596,
    "108": -3444.2305748357353,
    "109": -3317.299263823651,
    "110": -3171.5391238411735,
    "111": -2297.4771352786265,
    "112": 2874.9569716480487,
    "113": 3077.26082395061,
    "114": 2991.210011252344,
    "115": 2920.080012516266,
    "116": 3004.0630039117614,
    "117": 2154.4501796341137,
    "118": 2266.0246727033905,
    "119": 2348.2017030154066,
    "120": 459.62820604513934,
    "121": -2995.8704415423963,
    "122": -3709.264384393069,
    "123": -3211.3078857175087,
    "124": -3420.1585331041147,
    "125": -3324.109555836648,
    "126": -2245.43499207604,
    "127": 3036.3051152931776,
    "128": 3353.582720406256,
    "129": 3198.267446073421,
    "130": 3115.9245336117474,
    "131": 3233.7563480593058,
    "132": 2604.1440936159934,
    "133": 570.6569118737671,
    "134": 370.88704012937905,
    "135": -3975.781234757299,
    "136": -3129.8930671027074,
    "137": -3556.6843051761657,
    "138": -3556.024512918695,
    "139": -2192.875628418612,
    "140": 3161.637538860436,
    "141": 3630.2624366640325,
    "142": 3371.318471247584,
    "143": 3307.235544360315,
    "144": 3436.5515610465654,
    "145": 3292.1450929984762,
    "146": 2842.95095479425,
    "147": 466.54529192680224,
    "148": 188.68803776954695,
    "149": -4244.456550064212,
    "150": -4165.791946459775,
    "151": -3167.3613870943336,
    "152": -3445.324639016691,
    "153": -3897.2053157582154,
    "154": 3280.7478796796977,
    "155": 3892.673197541852,
    "156": 3547.5269759357684,
    "157": 3637.33799554439,
    "158": 3320.4540806124082,
    "159": 3059.81996630774,
    "160": 459.2954438616204,
    "161": 306.9618648075726,
    "162": -4205.691511249402,
    "163": -4496.27177147283,
    "164": -4030.9997285191134,
    "165": -3690.43120532164,
    "166": -4236.8569631640685,
    "167": -3845.3393185163986,
    "168": 3394.129952453689,
    "169": 4050.1298057741005,
    "170": 4193.683817264802,
    "171": 3725.7603087252123,
    "172": 3833.6602615087395,
    "173": 3346.3488892915448,
    "174": 3254.068104551873,
    "175": 389.82074658680716,
    "176": 242.71376110340967,
    "177": -4383.564798038879,
    "178": -4704.99278068834,
    "179": -4568.400199785232,
    "180": -4246.446839794464,
    "181": 3501.633156689016,
    "182": 4263.166003458381,
    "183": 4466.826729590161,
    "184": 3905.262028576989,
    "185": 4025.348872841145,
    "186": 3431.597089366052,
    "187": 3429.4851626354166,
    "188": 347.25181093648786,
    "189": 146.14631039665005,
    "190": -4239.549378139878,
    "191": -4895.0287952775725,
    "192": -4201.187601007594,
    "193": 4471.938269542247,
    "194": 4743.102209010698,
    "195": 4085.805626627756,
    "196": 4214.929473880095,
    "197": 3592.3860160876234,
    "198": 311.8296215999925,
    "199": -4487.344417065096,
    "200": -5222.08156853086,
    "201": -5025.109184128796,
    "202": -4140.487567299785,
    "203": 4677.295113760047,
    "204": 5021.324752724604,
    "205": 3722.88040354585,
    "206": 277.6085520816079,
    "207": -5545.329127622389,
    "208": -5125.406654953006,
    "209": -4100.0260177187565,
    "210": 4878.105188936802,
    "211": 5302.041814621299,
    "212": 3849.60556741452,
    "213": 243.68779013715948,
    "214": -5835.901986496695,
    "215": -5794.679800432687,
    "216": -5204.000437706314,
    "217": 5072.599653814296,
    "218": 5585.88439108754,
    "219": 4043.8382013820224,
    "220": 3848.3234332969146,
    "221": 209.99403446817857,
    "222": -6101.684389508027,
    "223": -5982.697111344667,
    "224": -6022.665799495482,
    "225": -5272.4369674516,
    "226": 5258.219812508848,
    "227": 5873.446560148621,
    "228": 4159.219948617072,
    "229": 3954.4799204369774,
    "230": 177.06470143427094,
    "231": -6365.214712416998,
    "232": -6272.2374370630905,
    "233": -5343.253145491813,
    "234": 5431.9949588304025,
    "235": 6164.8437098725035,
    "236": 143.4082869747205,
    "237": -6624.535287838157,
    "238": -6513.168133591916,
    "239": -5489.881865145666,
    "240": -5298.4404673314075,
    "241": 5592.368973157565,
    "242": 6459.136486188223,
    "243": 109.42819824515725,
    "244": -6878.513290172981,
    "245": -6820.767514899471,
    "246": -6697.349685545222,
    "247": -5629.652427955734,
    "248": -5296.350703818593,
    "249": 5740.38136310447,
    "250": 6703.867985247047,
    "251": 75.42951160345116,
    "252": -7079.289384552684,
    "253": -7016.728908267668,
    "254": -6898.183430847214,
    "255": -6792.194776207209,
    "256": -5743.355427258681,
    "257": 5502.46104685966,
    "258": 5879.936457516903,
    "259": 6933.515709716502,
    "260": 6885.979890134028,
    "261": 41.42991422609387,
    "262": -7260.273390576402,